Metric,Baseline,Causal
RMSE,1.8563,1.865260437415028
MAE,0.8407,0.8415052424092448
WAPE,98.84,98.92160873627166
